formulacao;manteiga_1;manteiga_2;oleo;perc_lipidio1;perc_lipidio2;perc_tensoativo;pdi;tamanho;translucida;PontoDeNuvem;Lipidio1;PontoFusao1;Perc_Ac_Palmitico1;Perc_Ac_Estearico1;Perc_Ac_Oleico1;Perc_Ac_Linoleico1;Perc_Ac_Vacenico1;Perc_Ac_Linolenico1;Perc_Ac_Caprilico1;Perc_Ac_Caprico1;Perc_Ac_Laurico1;Perc_Ac_Miristico1;Perc_Ac_Palmitoleico1;Perc_Ac_Beenico1;Perc_Ac_Valerico1;Perc_Ac_Araquidico1;Perc_Outros1;Perc_AG_Saturados1;Perc_AG_Insaturados1;Lipidio2;PontoFusao2;Perc_Ac_Palmitico2;Perc_Ac_Estearico2;Perc_Ac_Oleico2;Perc_Ac_Linoleico2;Perc_Ac_Vacenico2;Perc_Ac_Linolenico2;Perc_Ac_Caprilico2;Perc_Ac_Caprico2;Perc_Ac_Laurico2;Perc_Ac_Miristico2;Perc_Ac_Palmitoleico2;Perc_Ac_Beenico2;Perc_Ac_Valerico2;Perc_Ac_Araquidico2;Perc_Outros2;Perc_AG_Saturados2;Perc_AG_Insaturados2
1;Murumuru;;Açaí;25;25;50;0,1054;25,24;1;1;Manteiga de murumuru;32,5;7,5;3,5;7,5;3,5;0;0;3;2;45;30,5;3;0;0;NULL;0;90;10;Óleo de Açaí;4;22,5;3,75;50;16;3,75;0;0;0;0;0;4;0;0;NULL;0;28;72
2;Murumuru;;Açaí;50;16,65;33,35;0,118;72,1;0;1;Manteiga de murumuru;32,5;7,5;3,5;7,5;3,5;0;0;3;2;45;30,5;3;0;0;NULL;0;90;10;Óleo de Açaí;4;22,5;3,75;50;16;3,75;0;0;0;0;0;4;0;0;NULL;0;28;72
3;Murumuru;;Açaí;16,65;50;33,35;0,5644;277,1;0;0;Manteiga de murumuru;32,5;7,5;3,5;7,5;3,5;0;0;3;2;45;30,5;3;0;0;NULL;0;90;10;Óleo de Açaí;4;22,5;3,75;50;16;3,75;0;0;0;0;0;4;0;0;NULL;0;28;72
4;Murumuru;;Açaí;37,5;37,5;25;0,1845;83,22;NULL;NULL;Manteiga de murumuru;32,5;7,5;3,5;7,5;3,5;0;0;3;2;45;30,5;3;0;0;NULL;0;90;10;Óleo de Açaí;4;22,5;3,75;50;16;3,75;0;0;0;0;0;4;0;0;NULL;0;28;72
5;Murumuru;;Açaí;50;25;25;0,129;26,03;1;1;Manteiga de murumuru;32,5;7,5;3,5;7,5;3,5;0;0;3;2;45;30,5;3;0;0;NULL;0;90;10;Óleo de Açaí;4;22,5;3,75;50;16;3,75;0;0;0;0;0;4;0;0;NULL;0;28;72
6;Murumuru;;Açaí;16,65;25;58,35;0,1811;25,15;NULL;NULL;Manteiga de murumuru;32,5;7,5;3,5;7,5;3,5;0;0;3;2;45;30,5;3;0;0;NULL;0;90;10;Óleo de Açaí;4;22,5;3,75;50;16;3,75;0;0;0;0;0;4;0;0;NULL;0;28;72
7;Murumuru;;Açaí;25;50;25;0,2676;505,1;1;1;Manteiga de murumuru;32,5;7,5;3,5;7,5;3,5;0;0;3;2;45;30,5;3;0;0;NULL;0;90;10;Óleo de Açaí;4;22,5;3,75;50;16;3,75;0;0;0;0;0;4;0;0;NULL;0;28;72
8;Murumuru;;Açaí;16,65;33,35;50;0,1604;22,28;1;1;Manteiga de murumuru;32,5;7,5;3,5;7,5;3,5;0;0;3;2;45;30,5;3;0;0;NULL;0;90;10;Óleo de Açaí;4;22,5;3,75;50;16;3,75;0;0;0;0;0;4;0;0;NULL;0;28;72
9;Murumuru;;Açaí;25;16,65;58,35;0,161;29,23;1;1;Manteiga de murumuru;32,5;7,5;3,5;7,5;3,5;0;0;3;2;45;30,5;3;0;0;NULL;0;90;10;Óleo de Açaí;4;22,5;3,75;50;16;3,75;0;0;0;0;0;4;0;0;NULL;0;28;72
10;Murumuru;;Açaí;50;33,35;16,65;1;345,3;0;0;Manteiga de murumuru;32,5;7,5;3,5;7,5;3,5;0;0;3;2;45;30,5;3;0;0;NULL;0;90;10;Óleo de Açaí;4;22,5;3,75;50;16;3,75;0;0;0;0;0;4;0;0;NULL;0;28;72
1;Tucumã;;Urucum;25;25;50;0,2109;32,47;1;1;Manteiga de Tucumã;30;7,5;2;9;0;0;3,5;1;1,5;49,5;26;0;0;0;NULL;0;97;3;Óleo de urucum;0;7,5;4,5;26,5;57;0;0;0;0;0;0;0;0;0;NULL;0;14;86
2;Tucumã;;Urucum;16,65;50;33,35;0,1663;78,45;1;1;Manteiga de Tucumã;30;7,5;2;9;0;0;3,5;1;1,5;49,5;26;0;0;0;NULL;0;97;3;Óleo de urucum;0;7,5;4,5;26,5;57;0;0;0;0;0;0;0;0;0;NULL;0;14;86
3;Tucumã;;Urucum;50;16,65;33,35;0,255;558,2;0;0;Manteiga de Tucumã;30;7,5;2;9;0;0;3,5;1;1,5;49,5;26;0;0;0;NULL;0;97;3;Óleo de urucum;0;7,5;4,5;26,5;57;0;0;0;0;0;0;0;0;0;NULL;0;14;86
4;Tucumã;;Urucum;37,5;37,5;25;0,1534;383,4;0;0;Manteiga de Tucumã;30;7,5;2;9;0;0;3,5;1;1,5;49,5;26;0;0;0;NULL;0;97;3;Óleo de urucum;0;7,5;4,5;26,5;57;0;0;0;0;0;0;0;0;0;NULL;0;14;86
5;Tucumã;;Urucum;25;50;25;0,2877;331,5;0;1;Manteiga de Tucumã;30;7,5;2;9;0;0;3,5;1;1,5;49,5;26;0;0;0;NULL;0;97;3;Óleo de urucum;0;7,5;4,5;26,5;57;0;0;0;0;0;0;0;0;0;NULL;0;14;86
6;Tucumã;;Urucum;25;16,65;58,35;0,1609;25,47;1;0;Manteiga de Tucumã;30;7,5;2;9;0;0;3,5;1;1,5;49,5;26;0;0;0;NULL;0;97;3;Óleo de urucum;0;7,5;4,5;26,5;57;0;0;0;0;0;0;0;0;0;NULL;0;14;86
7;Tucumã;;Urucum;50;25;25;0,3131;188,2;0;0;Manteiga de Tucumã;30;7,5;2;9;0;0;3,5;1;1,5;49,5;26;0;0;0;NULL;0;97;3;Óleo de urucum;0;7,5;4,5;26,5;57;0;0;0;0;0;0;0;0;0;NULL;0;14;86
8;Tucumã;;Urucum;33,35;16,65;50;0,1189;36,86;1;0;Manteiga de Tucumã;30;7,5;2;9;0;0;3,5;1;1,5;49,5;26;0;0;0;NULL;0;97;3;Óleo de urucum;0;7,5;4,5;26,5;57;0;0;0;0;0;0;0;0;0;NULL;0;14;86
9;Tucumã;;Urucum;16,65;25;58,35;0,34;176,2;0;0;Manteiga de Tucumã;30;7,5;2;9;0;0;3,5;1;1,5;49,5;26;0;0;0;NULL;0;97;3;Óleo de urucum;0;7,5;4,5;26,5;57;0;0;0;0;0;0;0;0;0;NULL;0;14;86
10;Tucumã;;Urucum;33,35;50;16,65;0,4;1424;1;1;Manteiga de Tucumã;30;7,5;2;9;0;0;3,5;1;1,5;49,5;26;0;0;0;NULL;0;97;3;Óleo de urucum;0;7,5;4,5;26,5;57;0;0;0;0;0;0;0;0;0;NULL;0;14;86
11;Tucumã;;Urucum;33,35;33,35;33,3;0,5828;1191;1;0;Manteiga de Tucumã;30;7,5;2;9;0;0;3,5;1;1,5;49,5;26;0;0;0;NULL;0;97;3;Óleo de urucum;0;7,5;4,5;26,5;57;0;0;0;0;0;0;0;0;0;NULL;0;14;86
1;Cupuaçu;;Açaí;25;25;50;0,24;82,99;1;1;Manteiga de cupuaçu;27;9,5;31,5;42,5;5;0;0;0;0;0;0;0;1,5;0;NULL;3;55;45;Óleo de Açaí;4;22,5;3,75;50;16;3,75;0;0;0;0;0;4;0;0;NULL;0;28;72
2;Cupuaçu;;Açaí;16,65;50;33,35;0,656;205,6;0;1;Manteiga de cupuaçu;27;9,5;31,5;42,5;5;0;0;0;0;0;0;0;1,5;0;NULL;3;55;45;Óleo de Açaí;4;22,5;3,75;50;16;3,75;0;0;0;0;0;4;0;0;NULL;0;28;72
3;Cupuaçu;;Açaí;50;16,65;33,35;0,43;1328;0;1;Manteiga de cupuaçu;27;9,5;31,5;42,5;5;0;0;0;0;0;0;0;1,5;0;NULL;3;55;45;Óleo de Açaí;4;22,5;3,75;50;16;3,75;0;0;0;0;0;4;0;0;NULL;0;28;72
4;Cupuaçu;;Açaí;37,5;37,5;25;0,892;619,1;0;1;Manteiga de cupuaçu;27;9,5;31,5;42,5;5;0;0;0;0;0;0;0;1,5;0;NULL;3;55;45;Óleo de Açaí;4;22,5;3,75;50;16;3,75;0;0;0;0;0;4;0;0;NULL;0;28;72
5;Cupuaçu;;Açaí;25;50;25;0,883;527,4;0;1;Manteiga de cupuaçu;27;9,5;31,5;42,5;5;0;0;0;0;0;0;0;1,5;0;NULL;3;55;45;Óleo de Açaí;4;22,5;3,75;50;16;3,75;0;0;0;0;0;4;0;0;NULL;0;28;72
6;Cupuaçu;;Açaí;25;16,65;58,35;0,354;75,37;1;1;Manteiga de cupuaçu;27;9,5;31,5;42,5;5;0;0;0;0;0;0;0;1,5;0;NULL;3;55;45;Óleo de Açaí;4;22,5;3,75;50;16;3,75;0;0;0;0;0;4;0;0;NULL;0;28;72
7;Cupuaçu;;Açaí;50;25;25;0,864;631,4;0;1;Manteiga de cupuaçu;27;9,5;31,5;42,5;5;0;0;0;0;0;0;0;1,5;0;NULL;3;55;45;Óleo de Açaí;4;22,5;3,75;50;16;3,75;0;0;0;0;0;4;0;0;NULL;0;28;72
8;Cupuaçu;;Açaí;33,35;16,65;50;0,304;39,33;1;1;Manteiga de cupuaçu;27;9,5;31,5;42,5;5;0;0;0;0;0;0;0;1,5;0;NULL;3;55;45;Óleo de Açaí;4;22,5;3,75;50;16;3,75;0;0;0;0;0;4;0;0;NULL;0;28;72
9;Cupuaçu;;Açaí;16,65;25;58,35;0,419;45,18;0;1;Manteiga de cupuaçu;27;9,5;31,5;42,5;5;0;0;0;0;0;0;0;1,5;0;NULL;3;55;45;Óleo de Açaí;4;22,5;3,75;50;16;3,75;0;0;0;0;0;4;0;0;NULL;0;28;72
10;Cupuaçu;;Açaí;33,35;50;16,65;0,771;530,8;0;1;Manteiga de cupuaçu;27;9,5;31,5;42,5;5;0;0;0;0;0;0;0;1,5;0;NULL;3;55;45;Óleo de Açaí;4;22,5;3,75;50;16;3,75;0;0;0;0;0;4;0;0;NULL;0;28;72
11;Cupuaçu;;Açaí;33,35;33,35;33,3;0,4;243,02;0;1;Manteiga de cupuaçu;27;9,5;31,5;42,5;5;0;0;0;0;0;0;0;1,5;0;NULL;3;55;45;Óleo de Açaí;4;22,5;3,75;50;16;3,75;0;0;0;0;0;4;0;0;NULL;0;28;72
1;Cupuaçu ;;Cacau;25;25;50;0,21;41,03;1;1;Manteiga de cupuaçu;27;9,5;31,5;42,5;5;0;0;0;0;0;0;0;1,5;0;NULL;3;55;45;;NULL;NULL;NULL;NULL;NULL;NULL;NULL;NULL;NULL;NULL;NULL;NULL;NULL;NULL;NULL;NULL;NULL;NULL
2;Cupuaçu ;;Cacau;16,65;50;33,35;0,157;41,33;1;1;Manteiga de cupuaçu;27;9,5;31,5;42,5;5;0;0;0;0;0;0;0;1,5;0;NULL;3;55;45;;NULL;NULL;NULL;NULL;NULL;NULL;NULL;NULL;NULL;NULL;NULL;NULL;NULL;NULL;NULL;NULL;NULL;NULL
3;Cupuaçu ;;Cacau;50;16,65;33,35;0,692;211,2;0;1;Manteiga de cupuaçu;27;9,5;31,5;42,5;5;0;0;0;0;0;0;0;1,5;0;NULL;3;55;45;;NULL;NULL;NULL;NULL;NULL;NULL;NULL;NULL;NULL;NULL;NULL;NULL;NULL;NULL;NULL;NULL;NULL;NULL
4;Cupuaçu ;;Cacau;37,5;37,5;25;0,373;369,9;0;1;Manteiga de cupuaçu;27;9,5;31,5;42,5;5;0;0;0;0;0;0;0;1,5;0;NULL;3;55;45;;NULL;NULL;NULL;NULL;NULL;NULL;NULL;NULL;NULL;NULL;NULL;NULL;NULL;NULL;NULL;NULL;NULL;NULL
5;Cupuaçu ;;Cacau;25;50;25;0,268;657,1;1;1;Manteiga de cupuaçu;27;9,5;31,5;42,5;5;0;0;0;0;0;0;0;1,5;0;NULL;3;55;45;;NULL;NULL;NULL;NULL;NULL;NULL;NULL;NULL;NULL;NULL;NULL;NULL;NULL;NULL;NULL;NULL;NULL;NULL
6;Cupuaçu ;;Cacau;25;16,65;58,35;0,351;42,94;1;1;Manteiga de cupuaçu;27;9,5;31,5;42,5;5;0;0;0;0;0;0;0;1,5;0;NULL;3;55;45;;NULL;NULL;NULL;NULL;NULL;NULL;NULL;NULL;NULL;NULL;NULL;NULL;NULL;NULL;NULL;NULL;NULL;NULL
7;Cupuaçu ;;Cacau;50;25;25;0,662;640,1;0;1;Manteiga de cupuaçu;27;9,5;31,5;42,5;5;0;0;0;0;0;0;0;1,5;0;NULL;3;55;45;;NULL;NULL;NULL;NULL;NULL;NULL;NULL;NULL;NULL;NULL;NULL;NULL;NULL;NULL;NULL;NULL;NULL;NULL
8;Cupuaçu ;;Cacau;33,35;16,65;50;0,336;49,42;1;0;Manteiga de cupuaçu;27;9,5;31,5;42,5;5;0;0;0;0;0;0;0;1,5;0;NULL;3;55;45;;NULL;NULL;NULL;NULL;NULL;NULL;NULL;NULL;NULL;NULL;NULL;NULL;NULL;NULL;NULL;NULL;NULL;NULL
9;Cupuaçu ;;Cacau;16,65;25;58,35;0,387;40,67;1;0;Manteiga de cupuaçu;27;9,5;31,5;42,5;5;0;0;0;0;0;0;0;1,5;0;NULL;3;55;45;;NULL;NULL;NULL;NULL;NULL;NULL;NULL;NULL;NULL;NULL;NULL;NULL;NULL;NULL;NULL;NULL;NULL;NULL
10;Cupuaçu ;;Cacau;33,35;50;16,65;0,2;2029;0;0;Manteiga de cupuaçu;27;9,5;31,5;42,5;5;0;0;0;0;0;0;0;1,5;0;NULL;3;55;45;;NULL;NULL;NULL;NULL;NULL;NULL;NULL;NULL;NULL;NULL;NULL;NULL;NULL;NULL;NULL;NULL;NULL;NULL
1;Ucuuba;;Buriti;25;25;50;0,04016;31,49;0;0;Manteiga de Ucuuba;53;8;0;0;0;0;0;0;0;18;74;0;0;0;NULL;0;100;0;Óleo de Buriti;26,5;16,5;3,75;65;12,5;0;1;0;0;0;0;0;0;0,8;NULL;0;22;78
2;Ucuuba;;Buriti;16,65;50;33,35;0,2823;91,71;0;0;Manteiga de Ucuuba;53;8;0;0;0;0;0;0;0;18;74;0;0;0;NULL;0;100;0;Óleo de Buriti;26,5;16,5;3,75;65;12,5;0;1;0;0;0;0;0;0;0,8;NULL;0;22;78
3;Ucuuba;;Buriti;50;16,65;33,35;0,2895;87,85;0;0;Manteiga de Ucuuba;53;8;0;0;0;0;0;0;0;18;74;0;0;0;NULL;0;100;0;Óleo de Buriti;26,5;16,5;3,75;65;12,5;0;1;0;0;0;0;0;0;0,8;NULL;0;22;78
4;Ucuuba;;Buriti;37,5;37,5;25;1;105,2;0;0;Manteiga de Ucuuba;53;8;0;0;0;0;0;0;0;18;74;0;0;0;NULL;0;100;0;Óleo de Buriti;26,5;16,5;3,75;65;12,5;0;1;0;0;0;0;0;0;0,8;NULL;0;22;78
5;Ucuuba;;Buriti;25;50;25;1;150;0;0;Manteiga de Ucuuba;53;8;0;0;0;0;0;0;0;18;74;0;0;0;NULL;0;100;0;Óleo de Buriti;26,5;16,5;3,75;65;12,5;0;1;0;0;0;0;0;0;0,8;NULL;0;22;78
6;Ucuuba;;Buriti;25;16,65;58,35;0,08609;22,09;0;0;Manteiga de Ucuuba;53;8;0;0;0;0;0;0;0;18;74;0;0;0;NULL;0;100;0;Óleo de Buriti;26,5;16,5;3,75;65;12,5;0;1;0;0;0;0;0;0;0,8;NULL;0;22;78
7;Ucuuba;;Buriti;50;25;25;1;138,4;0;0;Manteiga de Ucuuba;53;8;0;0;0;0;0;0;0;18;74;0;0;0;NULL;0;100;0;Óleo de Buriti;26,5;16,5;3,75;65;12,5;0;1;0;0;0;0;0;0;0,8;NULL;0;22;78
8;Ucuuba;;Buriti;33,35;16,65;50;0,174;27,68;0;0;Manteiga de Ucuuba;53;8;0;0;0;0;0;0;0;18;74;0;0;0;NULL;0;100;0;Óleo de Buriti;26,5;16,5;3,75;65;12,5;0;1;0;0;0;0;0;0;0,8;NULL;0;22;78
9;Ucuuba;;Buriti;16,65;25;58,35;0,7935;24,14;0;0;Manteiga de Ucuuba;53;8;0;0;0;0;0;0;0;18;74;0;0;0;NULL;0;100;0;Óleo de Buriti;26,5;16,5;3,75;65;12,5;0;1;0;0;0;0;0;0;0,8;NULL;0;22;78
10;Ucuuba;;Buriti;33,35;50;16,65;1;382,3;0;0;Manteiga de Ucuuba;53;8;0;0;0;0;0;0;0;18;74;0;0;0;NULL;0;100;0;Óleo de Buriti;26,5;16,5;3,75;65;12,5;0;1;0;0;0;0;0;0;0,8;NULL;0;22;78
11;Ucuuba;;Buriti;33,35;33,35;33,3;0,2015;84,96;0;0;Manteiga de Ucuuba;53;8;0;0;0;0;0;0;0;18;74;0;0;0;NULL;0;100;0;Óleo de Buriti;26,5;16,5;3,75;65;12,5;0;1;0;0;0;0;0;0;0,8;NULL;0;22;78
1;Murumuru;;Jambu;25;25;50;0,2785;36,88;1;1;Manteiga de murumuru;32,5;7,5;3,5;7,5;3,5;0;0;3;2;45;30,5;3;0;0;NULL;0;90;10;Óleo de Jambu;23;12,5;0;25;35;0;0;0;0;0;0;0;0;0;NULL;0;0;0
2;Murumuru;;Jambu;16,65;50;33,35;0,1914;223,2;0;0;Manteiga de murumuru;32,5;7,5;3,5;7,5;3,5;0;0;3;2;45;30,5;3;0;0;NULL;0;90;10;Óleo de Jambu;23;12,5;0;25;35;0;0;0;0;0;0;0;0;0;NULL;0;0;0
3;Murumuru;;Jambu;50;16,65;33,35;0,1129;58,2;1;1;Manteiga de murumuru;32,5;7,5;3,5;7,5;3,5;0;0;3;2;45;30,5;3;0;0;NULL;0;90;10;Óleo de Jambu;23;12,5;0;25;35;0;0;0;0;0;0;0;0;0;NULL;0;0;0
4;Murumuru;;Jambu;37,5;37,5;25;0,4276;178,1;0;0;Manteiga de murumuru;32,5;7,5;3,5;7,5;3,5;0;0;3;2;45;30,5;3;0;0;NULL;0;90;10;Óleo de Jambu;23;12,5;0;25;35;0;0;0;0;0;0;0;0;0;NULL;0;0;0
5;Murumuru;;Jambu;25;50;25;0,5782;376,1;0;0;Manteiga de murumuru;32,5;7,5;3,5;7,5;3,5;0;0;3;2;45;30,5;3;0;0;NULL;0;90;10;Óleo de Jambu;23;12,5;0;25;35;0;0;0;0;0;0;0;0;0;NULL;0;0;0
6;Murumuru;;Jambu;25;16,65;58,35;0,3459;32,1;1;1;Manteiga de murumuru;32,5;7,5;3,5;7,5;3,5;0;0;3;2;45;30,5;3;0;0;NULL;0;90;10;Óleo de Jambu;23;12,5;0;25;35;0;0;0;0;0;0;0;0;0;NULL;0;0;0
7;Murumuru;;Jambu;50;25;25;0,211;149,6;0;0;Manteiga de murumuru;32,5;7,5;3,5;7,5;3,5;0;0;3;2;45;30,5;3;0;0;NULL;0;90;10;Óleo de Jambu;23;12,5;0;25;35;0;0;0;0;0;0;0;0;0;NULL;0;0;0
8;Murumuru;;Jambu;33,35;16,65;50;0,3746;41,95;1;1;Manteiga de murumuru;32,5;7,5;3,5;7,5;3,5;0;0;3;2;45;30,5;3;0;0;NULL;0;90;10;Óleo de Jambu;23;12,5;0;25;35;0;0;0;0;0;0;0;0;0;NULL;0;0;0
9;Murumuru;;Jambu;16,65;25;58,35;0,1563;25,74;1;1;Manteiga de murumuru;32,5;7,5;3,5;7,5;3,5;0;0;3;2;45;30,5;3;0;0;NULL;0;90;10;Óleo de Jambu;23;12,5;0;25;35;0;0;0;0;0;0;0;0;0;NULL;0;0;0
10;Murumuru;;Jambu;33,35;50;16,65;0,2894;2754;1;1;Manteiga de murumuru;32,5;7,5;3,5;7,5;3,5;0;0;3;2;45;30,5;3;0;0;NULL;0;90;10;Óleo de Jambu;23;12,5;0;25;35;0;0;0;0;0;0;0;0;0;NULL;0;0;0
11;Murumuru;;Jambu;33,35;33,35;33,3;0,2182;149,8;0;1;Manteiga de murumuru;32,5;7,5;3,5;7,5;3,5;0;0;3;2;45;30,5;3;0;0;NULL;0;90;10;Óleo de Jambu;23;12,5;0;25;35;0;0;0;0;0;0;0;0;0;NULL;0;0;0
1;Manga;;Andiroba;25;25;50;0,385;1,137;0;0;Manteiga de Manga;35,5;4,5;42;46;4,5;0;0;0;0;0;0;0;0;NULL;2,5;0;50,25;50,5;Óleo de andiroba;22;28,5;9,5;51,5;10;0;0;0;0;0;0;0,8;0;NULL;NULL;NULL;40;60
2;Manga;;Andiroba;16,65;50;33,35;0,429;1,546;0;0;Manteiga de Manga;35,5;4,5;42;46;4,5;0;0;0;0;0;0;0;0;NULL;2,5;0;50,25;50,5;Óleo de andiroba;22;28,5;9,5;51,5;10;0;0;0;0;0;0;0,8;0;NULL;NULL;NULL;40;60
3;Manga;;Andiroba;50;16,65;33,35;0,277;1,634;0;0;Manteiga de Manga;35,5;4,5;42;46;4,5;0;0;0;0;0;0;0;0;NULL;2,5;0;50,25;50,5;Óleo de andiroba;22;28,5;9,5;51,5;10;0;0;0;0;0;0;0,8;0;NULL;NULL;NULL;40;60
4;Manga;;Andiroba;37,5;37,5;25;0,345;1,131;0;0;Manteiga de Manga;35,5;4,5;42;46;4,5;0;0;0;0;0;0;0;0;NULL;2,5;0;50,25;50,5;Óleo de andiroba;22;28,5;9,5;51,5;10;0;0;0;0;0;0;0,8;0;NULL;NULL;NULL;40;60
5;Manga;;Andiroba;25;50;25;0,514;1,738;0;0;Manteiga de Manga;35,5;4,5;42;46;4,5;0;0;0;0;0;0;0;0;NULL;2,5;0;50,25;50,5;Óleo de andiroba;22;28,5;9,5;51,5;10;0;0;0;0;0;0;0,8;0;NULL;NULL;NULL;40;60
6;Manga;;Andiroba;25;16,65;58,35;0,328;988,5;0;0;Manteiga de Manga;35,5;4,5;42;46;4,5;0;0;0;0;0;0;0;0;NULL;2,5;0;50,25;50,5;Óleo de andiroba;22;28,5;9,5;51,5;10;0;0;0;0;0;0;0,8;0;NULL;NULL;NULL;40;60
7;Manga;;Andiroba;50;25;25;0,449;1,163;0;0;Manteiga de Manga;35,5;4,5;42;46;4,5;0;0;0;0;0;0;0;0;NULL;2,5;0;50,25;50,5;Óleo de andiroba;22;28,5;9,5;51,5;10;0;0;0;0;0;0;0,8;0;NULL;NULL;NULL;40;60
8;Manga;;Andiroba;33,35;16,65;50;0,337;1,337;0;0;Manteiga de Manga;35,5;4,5;42;46;4,5;0;0;0;0;0;0;0;0;NULL;2,5;0;50,25;50,5;Óleo de andiroba;22;28,5;9,5;51,5;10;0;0;0;0;0;0;0,8;0;NULL;NULL;NULL;40;60
9;Manga;;Andiroba;16,65;25;58,35;0,599;918;0;0;Manteiga de Manga;35,5;4,5;42;46;4,5;0;0;0;0;0;0;0;0;NULL;2,5;0;50,25;50,5;Óleo de andiroba;22;28,5;9,5;51,5;10;0;0;0;0;0;0;0,8;0;NULL;NULL;NULL;40;60
10;Manga;;Andiroba;33,35;50;16,65;0,697;1,793;0;0;Manteiga de Manga;35,5;4,5;42;46;4,5;0;0;0;0;0;0;0;0;NULL;2,5;0;50,25;50,5;Óleo de andiroba;22;28,5;9,5;51,5;10;0;0;0;0;0;0;0,8;0;NULL;NULL;NULL;40;60
11;Manga;;Andiroba;33,35;33,35;33,3;0,5938;1,535;0;0;Manteiga de Manga;35,5;4,5;42;46;4,5;0;0;0;0;0;0;0;0;NULL;2,5;0;50,25;50,5;Óleo de andiroba;22;28,5;9,5;51,5;10;0;0;0;0;0;0;0,8;0;NULL;NULL;NULL;40;60
1;Cupuaçu;;Pequi;25;25;50;0,3272;42,55;NULL;NULL;Manteiga de cupuaçu;27;9,5;31,5;42,5;5;0;0;0;0;0;0;0;1,5;0;NULL;3;55;45;Óleo de Pequi;21;38,5;0;55,5;1,9;0;0,3;0;0;0;0;1;0;0;NULL;0;42;58
2;Cupuaçu;;Pequi;16,65;50;33,35;0,6039;299,5;NULL;NULL;Manteiga de cupuaçu;27;9,5;31,5;42,5;5;0;0;0;0;0;0;0;1,5;0;NULL;3;55;45;Óleo de Pequi;21;38,5;0;55,5;1,9;0;0,3;0;0;0;0;1;0;0;NULL;0;42;58
3;Cupuaçu;;Pequi;50;16,65;33,35;0,5925;235,3;NULL;NULL;Manteiga de cupuaçu;27;9,5;31,5;42,5;5;0;0;0;0;0;0;0;1,5;0;NULL;3;55;45;Óleo de Pequi;21;38,5;0;55,5;1,9;0;0,3;0;0;0;0;1;0;0;NULL;0;42;58
4;Cupuaçu;;Pequi;37,5;37,5;25;0,1547;596,5;NULL;NULL;Manteiga de cupuaçu;27;9,5;31,5;42,5;5;0;0;0;0;0;0;0;1,5;0;NULL;3;55;45;Óleo de Pequi;21;38,5;0;55,5;1,9;0;0,3;0;0;0;0;1;0;0;NULL;0;42;58
5;Cupuaçu;;Pequi;25;50;25;0,475;355,8;NULL;NULL;Manteiga de cupuaçu;27;9,5;31,5;42,5;5;0;0;0;0;0;0;0;1,5;0;NULL;3;55;45;Óleo de Pequi;21;38,5;0;55,5;1,9;0;0,3;0;0;0;0;1;0;0;NULL;0;42;58
6;Cupuaçu;;Pequi;25;16,65;58,35;0,4383;62;NULL;NULL;Manteiga de cupuaçu;27;9,5;31,5;42,5;5;0;0;0;0;0;0;0;1,5;0;NULL;3;55;45;Óleo de Pequi;21;38,5;0;55,5;1,9;0;0,3;0;0;0;0;1;0;0;NULL;0;42;58
7;Cupuaçu;;Pequi;50;25;25;0,1401;685;NULL;NULL;Manteiga de cupuaçu;27;9,5;31,5;42,5;5;0;0;0;0;0;0;0;1,5;0;NULL;3;55;45;Óleo de Pequi;21;38,5;0;55,5;1,9;0;0,3;0;0;0;0;1;0;0;NULL;0;42;58
8;Cupuaçu;;Pequi;33,35;16,65;50;0,3531;53,667;NULL;NULL;Manteiga de cupuaçu;27;9,5;31,5;42,5;5;0;0;0;0;0;0;0;1,5;0;NULL;3;55;45;Óleo de Pequi;21;38,5;0;55,5;1,9;0;0,3;0;0;0;0;1;0;0;NULL;0;42;58
9;Cupuaçu;;Pequi;16,65;25;58,35;0,4186;47,5;NULL;NULL;Manteiga de cupuaçu;27;9,5;31,5;42,5;5;0;0;0;0;0;0;0;1,5;0;NULL;3;55;45;Óleo de Pequi;21;38,5;0;55,5;1,9;0;0,3;0;0;0;0;1;0;0;NULL;0;42;58
10;Cupuaçu;;Pequi;33,35;50;16,65;0,1478;1148;NULL;NULL;Manteiga de cupuaçu;27;9,5;31,5;42,5;5;0;0;0;0;0;0;0;1,5;0;NULL;3;55;45;Óleo de Pequi;21;38,5;0;55,5;1,9;0;0,3;0;0;0;0;1;0;0;NULL;0;42;58
11;Cupuaçu;;Pequi;33,35;33,35;33,3;0,50934;270,96;NULL;NULL;Manteiga de cupuaçu;27;9,5;31,5;42,5;5;0;0;0;0;0;0;0;1,5;0;NULL;3;55;45;Óleo de Pequi;21;38,5;0;55,5;1,9;0;0,3;0;0;0;0;1;0;0;NULL;0;42;58
1;Bacuri ;;Pracaxi;25;25;50;1;673,1;0;0;Manteiga de Bacuri;35;71;0;24,5;0;0;0;0;0;0;0;5;0;0;0;0;75;25;Óleo de Pracaxi;18,5;2,25;2,25;50;12,5;0;0;0;1,5;0;0;0;17;0;2;11;35;65
2;Bacuri ;;Pracaxi;50;16,65;33,35;0,7;533,2;0;1;Manteiga de Bacuri;35;71;0;24,5;0;0;0;0;0;0;0;5;0;0;0;0;75;25;Óleo de Pracaxi;18,5;2,25;2,25;50;12,5;0;0;0;1,5;0;0;0;17;0;2;11;35;65
3;Bacuri;;Pracaxi;16,65;50;33,35;1;470,5;0;0;Manteiga de Bacuri;35;71;0;24,5;0;0;0;0;0;0;0;5;0;0;0;0;75;25;Óleo de Pracaxi;18,5;2,25;2,25;50;12,5;0;0;0;1,5;0;0;0;17;0;2;11;35;65
4;Bacuri;;Pracaxi;37,5;37,5;25;0,04;787,3;0;1;Manteiga de Bacuri;35;71;0;24,5;0;0;0;0;0;0;0;5;0;0;0;0;75;25;Óleo de Pracaxi;18,5;2,25;2,25;50;12,5;0;0;0;1,5;0;0;0;17;0;2;11;35;65
5;Bacuri;;Pracaxi;50;25;25;1;595;0;0;Manteiga de Bacuri;35;71;0;24,5;0;0;0;0;0;0;0;5;0;0;0;0;75;25;Óleo de Pracaxi;18,5;2,25;2,25;50;12,5;0;0;0;1,5;0;0;0;17;0;2;11;35;65
6;Bacuri;;Pracaxi;16,65;25;58,35;0,7;610,8;0;0;Manteiga de Bacuri;35;71;0;24,5;0;0;0;0;0;0;0;5;0;0;0;0;75;25;Óleo de Pracaxi;18,5;2,25;2,25;50;12,5;0;0;0;1,5;0;0;0;17;0;2;11;35;65
7;Bacuri;;Pracaxi;25;50;25;0,2;818,3;0;0;Manteiga de Bacuri;35;71;0;24,5;0;0;0;0;0;0;0;5;0;0;0;0;75;25;Óleo de Pracaxi;18,5;2,25;2,25;50;12,5;0;0;0;1,5;0;0;0;17;0;2;11;35;65
8;Bacuri;;Pracaxi;16,65;33,35;50;1;539,4;0;0;Manteiga de Bacuri;35;71;0;24,5;0;0;0;0;0;0;0;5;0;0;0;0;75;25;Óleo de Pracaxi;18,5;2,25;2,25;50;12,5;0;0;0;1,5;0;0;0;17;0;2;11;35;65
9;Bacuri;;Pracaxi;25;16,65;58,35;1;871,1;0;0;Manteiga de Bacuri;35;71;0;24,5;0;0;0;0;0;0;0;5;0;0;0;0;75;25;Óleo de Pracaxi;18,5;2,25;2,25;50;12,5;0;0;0;1,5;0;0;0;17;0;2;11;35;65
10;Bacuri;;Pracaxi;50;33,35;16,65;0,5;354;0;0;Manteiga de Bacuri;35;71;0;24,5;0;0;0;0;0;0;0;5;0;0;0;0;75;25;Óleo de Pracaxi;18,5;2,25;2,25;50;12,5;0;0;0;1,5;0;0;0;17;0;2;11;35;65
11;Bacuri;;Pracaxi;33,35;33,35;33,3;0,5;916,2;0;0;Manteiga de Bacuri;35;71;0;24,5;0;0;0;0;0;0;0;5;0;0;0;0;75;25;Óleo de Pracaxi;18,5;2,25;2,25;50;12,5;0;0;0;1,5;0;0;0;17;0;2;11;35;65
1;Murumuru;;Cupuaçu;25;25;50;0,186;30,417;1;1;Manteiga de murumuru;32,5;7,5;3,5;7,5;3,5;0;0;3;2;45;30,5;3;0;0;NULL;0;90;10;;NULL;NULL;NULL;NULL;NULL;NULL;NULL;NULL;NULL;NULL;NULL;NULL;NULL;NULL;NULL;NULL;NULL;NULL
2;Murumuru;;Cupuaçu;16,65;50;33,35;0,524;107,523;0;0;Manteiga de murumuru;32,5;7,5;3,5;7,5;3,5;0;0;3;2;45;30,5;3;0;0;NULL;0;90;10;;NULL;NULL;NULL;NULL;NULL;NULL;NULL;NULL;NULL;NULL;NULL;NULL;NULL;NULL;NULL;NULL;NULL;NULL
3;Murumuru;;Cupuaçu;50;16,65;33,35;0,276;68,478;1;0;Manteiga de murumuru;32,5;7,5;3,5;7,5;3,5;0;0;3;2;45;30,5;3;0;0;NULL;0;90;10;;NULL;NULL;NULL;NULL;NULL;NULL;NULL;NULL;NULL;NULL;NULL;NULL;NULL;NULL;NULL;NULL;NULL;NULL
4;Murumuru;;Cupuaçu;37,5;37,5;25;0,265;125,069;0;0;Manteiga de murumuru;32,5;7,5;3,5;7,5;3,5;0;0;3;2;45;30,5;3;0;0;NULL;0;90;10;;NULL;NULL;NULL;NULL;NULL;NULL;NULL;NULL;NULL;NULL;NULL;NULL;NULL;NULL;NULL;NULL;NULL;NULL
5;Murumuru;;Cupuaçu;25;50;25;0,487;197,439;0;0;Manteiga de murumuru;32,5;7,5;3,5;7,5;3,5;0;0;3;2;45;30,5;3;0;0;NULL;0;90;10;;NULL;NULL;NULL;NULL;NULL;NULL;NULL;NULL;NULL;NULL;NULL;NULL;NULL;NULL;NULL;NULL;NULL;NULL
6;Murumuru;;Cupuaçu;25;16,65;58,35;0,244;23,833;1;1;Manteiga de murumuru;32,5;7,5;3,5;7,5;3,5;0;0;3;2;45;30,5;3;0;0;NULL;0;90;10;;NULL;NULL;NULL;NULL;NULL;NULL;NULL;NULL;NULL;NULL;NULL;NULL;NULL;NULL;NULL;NULL;NULL;NULL
7;Murumuru;;Cupuaçu;50;25;25;0,43;165,629;0;0;Manteiga de murumuru;32,5;7,5;3,5;7,5;3,5;0;0;3;2;45;30,5;3;0;0;NULL;0;90;10;;NULL;NULL;NULL;NULL;NULL;NULL;NULL;NULL;NULL;NULL;NULL;NULL;NULL;NULL;NULL;NULL;NULL;NULL
8;Murumuru;;Cupuaçu;33,35;16,65;50;0,152;28,658;1;1;Manteiga de murumuru;32,5;7,5;3,5;7,5;3,5;0;0;3;2;45;30,5;3;0;0;NULL;0;90;10;;NULL;NULL;NULL;NULL;NULL;NULL;NULL;NULL;NULL;NULL;NULL;NULL;NULL;NULL;NULL;NULL;NULL;NULL
9;Murumuru;;Cupuaçu;16,65;25;58,35;0,327;31,543;1;1;Manteiga de murumuru;32,5;7,5;3,5;7,5;3,5;0;0;3;2;45;30,5;3;0;0;NULL;0;90;10;;NULL;NULL;NULL;NULL;NULL;NULL;NULL;NULL;NULL;NULL;NULL;NULL;NULL;NULL;NULL;NULL;NULL;NULL
10;Murumuru;;Cupuaçu;33,35;50;16,65;0,249;500,398;0;0;Manteiga de murumuru;32,5;7,5;3,5;7,5;3,5;0;0;3;2;45;30,5;3;0;0;NULL;0;90;10;;NULL;NULL;NULL;NULL;NULL;NULL;NULL;NULL;NULL;NULL;NULL;NULL;NULL;NULL;NULL;NULL;NULL;NULL
11;Murumuru;;Cupuaçu;33,35;33,35;33,3;0,314;103,17;0;0;Manteiga de murumuru;32,5;7,5;3,5;7,5;3,5;0;0;3;2;45;30,5;3;0;0;NULL;0;90;10;;NULL;NULL;NULL;NULL;NULL;NULL;NULL;NULL;NULL;NULL;NULL;NULL;NULL;NULL;NULL;NULL;NULL;NULL
1;Bacuri ;;Pracaxi;25;25;50;1;673,1;0;0;Manteiga de Bacuri;35;71;0;24,5;0;0;0;0;0;0;0;5;0;0;0;0;75;25;Óleo de Pracaxi;18,5;2,25;2,25;50;12,5;0;0;0;1,5;0;0;0;17;0;2;11;35;65
2;Bacuri ;;Pracaxi;50;16,65;33,35;0,7;533,2;0;1;Manteiga de Bacuri;35;71;0;24,5;0;0;0;0;0;0;0;5;0;0;0;0;75;25;Óleo de Pracaxi;18,5;2,25;2,25;50;12,5;0;0;0;1,5;0;0;0;17;0;2;11;35;65
3;Bacuri;;Pracaxi;16,65;50;33,35;1;470,5;0;0;Manteiga de Bacuri;35;71;0;24,5;0;0;0;0;0;0;0;5;0;0;0;0;75;25;Óleo de Pracaxi;18,5;2,25;2,25;50;12,5;0;0;0;1,5;0;0;0;17;0;2;11;35;65
4;Bacuri;;Pracaxi;37,5;37,5;25;0,04;787,3;0;1;Manteiga de Bacuri;35;71;0;24,5;0;0;0;0;0;0;0;5;0;0;0;0;75;25;Óleo de Pracaxi;18,5;2,25;2,25;50;12,5;0;0;0;1,5;0;0;0;17;0;2;11;35;65
5;Bacuri;;Pracaxi;50;25;25;1;595;0;0;Manteiga de Bacuri;35;71;0;24,5;0;0;0;0;0;0;0;5;0;0;0;0;75;25;Óleo de Pracaxi;18,5;2,25;2,25;50;12,5;0;0;0;1,5;0;0;0;17;0;2;11;35;65
6;Bacuri;;Pracaxi;16,65;25;58,35;0,7;610,8;0;0;Manteiga de Bacuri;35;71;0;24,5;0;0;0;0;0;0;0;5;0;0;0;0;75;25;Óleo de Pracaxi;18,5;2,25;2,25;50;12,5;0;0;0;1,5;0;0;0;17;0;2;11;35;65
7;Bacuri;;Pracaxi;25;50;25;0,2;818,3;0;0;Manteiga de Bacuri;35;71;0;24,5;0;0;0;0;0;0;0;5;0;0;0;0;75;25;Óleo de Pracaxi;18,5;2,25;2,25;50;12,5;0;0;0;1,5;0;0;0;17;0;2;11;35;65
8;Bacuri;;Pracaxi;16,65;33,35;50;1;539,4;0;0;Manteiga de Bacuri;35;71;0;24,5;0;0;0;0;0;0;0;5;0;0;0;0;75;25;Óleo de Pracaxi;18,5;2,25;2,25;50;12,5;0;0;0;1,5;0;0;0;17;0;2;11;35;65
9;Bacuri;;Pracaxi;25;16,65;58,35;1;871,1;0;0;Manteiga de Bacuri;35;71;0;24,5;0;0;0;0;0;0;0;5;0;0;0;0;75;25;Óleo de Pracaxi;18,5;2,25;2,25;50;12,5;0;0;0;1,5;0;0;0;17;0;2;11;35;65
10;Bacuri;;Pracaxi;50;33,35;16,65;0,5;354;0;0;Manteiga de Bacuri;35;71;0;24,5;0;0;0;0;0;0;0;5;0;0;0;0;75;25;Óleo de Pracaxi;18,5;2,25;2,25;50;12,5;0;0;0;1,5;0;0;0;17;0;2;11;35;65
11;Bacuri;;Pracaxi;33,35;33,35;33,3;0,5;916,2;0;0;Manteiga de Bacuri;35;71;0;24,5;0;0;0;0;0;0;0;5;0;0;0;0;75;25;Óleo de Pracaxi;18,5;2,25;2,25;50;12,5;0;0;0;1,5;0;0;0;17;0;2;11;35;65
1;Murumuru;Cupuaçu;;25;25;50;0,186;30,417;1;1;Manteiga de murumuru;32,5;7,5;3,5;7,5;3,5;0;0;3;2;45;30,5;3;0;0;NULL;0;90;10;Manteiga de cupuaçu;27;9,5;31,5;42,5;5;0;0;0;0;0;0;0;1,5;0;NULL;3;55;45
2;Murumuru;Cupuaçu;;16,65;50;33,35;0,524;107,523;0;0;Manteiga de murumuru;32,5;7,5;3,5;7,5;3,5;0;0;3;2;45;30,5;3;0;0;NULL;0;90;10;Manteiga de cupuaçu;27;9,5;31,5;42,5;5;0;0;0;0;0;0;0;1,5;0;NULL;3;55;45
3;Murumuru;Cupuaçu;;50;16,65;33,35;0,276;68,478;1;0;Manteiga de murumuru;32,5;7,5;3,5;7,5;3,5;0;0;3;2;45;30,5;3;0;0;NULL;0;90;10;Manteiga de cupuaçu;27;9,5;31,5;42,5;5;0;0;0;0;0;0;0;1,5;0;NULL;3;55;45
4;Murumuru;Cupuaçu;;37,5;37,5;25;0,265;125,069;0;0;Manteiga de murumuru;32,5;7,5;3,5;7,5;3,5;0;0;3;2;45;30,5;3;0;0;NULL;0;90;10;Manteiga de cupuaçu;27;9,5;31,5;42,5;5;0;0;0;0;0;0;0;1,5;0;NULL;3;55;45
5;Murumuru;Cupuaçu;;25;50;25;0,487;197,439;0;0;Manteiga de murumuru;32,5;7,5;3,5;7,5;3,5;0;0;3;2;45;30,5;3;0;0;NULL;0;90;10;Manteiga de cupuaçu;27;9,5;31,5;42,5;5;0;0;0;0;0;0;0;1,5;0;NULL;3;55;45
6;Murumuru;Cupuaçu;;25;16,65;58,35;0,244;23,833;1;1;Manteiga de murumuru;32,5;7,5;3,5;7,5;3,5;0;0;3;2;45;30,5;3;0;0;NULL;0;90;10;Manteiga de cupuaçu;27;9,5;31,5;42,5;5;0;0;0;0;0;0;0;1,5;0;NULL;3;55;45
7;Murumuru;Cupuaçu;;50;25;25;0,43;165,629;0;0;Manteiga de murumuru;32,5;7,5;3,5;7,5;3,5;0;0;3;2;45;30,5;3;0;0;NULL;0;90;10;Manteiga de cupuaçu;27;9,5;31,5;42,5;5;0;0;0;0;0;0;0;1,5;0;NULL;3;55;45
8;Murumuru;Cupuaçu;;33,35;16,65;50;0,152;28,658;1;1;Manteiga de murumuru;32,5;7,5;3,5;7,5;3,5;0;0;3;2;45;30,5;3;0;0;NULL;0;90;10;Manteiga de cupuaçu;27;9,5;31,5;42,5;5;0;0;0;0;0;0;0;1,5;0;NULL;3;55;45
9;Murumuru;Cupuaçu;;16,65;25;58,35;0,327;31,543;1;1;Manteiga de murumuru;32,5;7,5;3,5;7,5;3,5;0;0;3;2;45;30,5;3;0;0;NULL;0;90;10;Manteiga de cupuaçu;27;9,5;31,5;42,5;5;0;0;0;0;0;0;0;1,5;0;NULL;3;55;45
10;Murumuru;Cupuaçu;;33,35;50;16,65;0,249;500,398;0;0;Manteiga de murumuru;32,5;7,5;3,5;7,5;3,5;0;0;3;2;45;30,5;3;0;0;NULL;0;90;10;Manteiga de cupuaçu;27;9,5;31,5;42,5;5;0;0;0;0;0;0;0;1,5;0;NULL;3;55;45
11;Murumuru;Cupuaçu;;33,35;33,35;33,3;0,314;103,17;0;0;Manteiga de murumuru;32,5;7,5;3,5;7,5;3,5;0;0;3;2;45;30,5;3;0;0;NULL;0;90;10;Manteiga de cupuaçu;27;9,5;31,5;42,5;5;0;0;0;0;0;0;0;1,5;0;NULL;3;55;45
1;Tucumã;;Tucumã;25;25;50;0,104;31,49;1;1;Manteiga de Tucumã;30;7,5;2;9;0;0;3,5;1;1,5;49,5;26;0;0;0;NULL;0;97;3;Óleo de Tucumã;20;25,5;2,5;64;2;1,5;3;0;0;0;0;0;0;0;NULL;0;27;73
2;Tucumã;;Tucumã;50;50;33,35;0,131;91,71;0;1;Manteiga de Tucumã;30;7,5;2;9;0;0;3,5;1;1,5;49,5;26;0;0;0;NULL;0;97;3;Óleo de Tucumã;20;25,5;2,5;64;2;1,5;3;0;0;0;0;0;0;0;NULL;0;27;73
3;Tucumã;;Tucumã;16,65;16,65;33,35;0,135;87,85;1;1;Manteiga de Tucumã;30;7,5;2;9;0;0;3,5;1;1,5;49,5;26;0;0;0;NULL;0;97;3;Óleo de Tucumã;20;25,5;2,5;64;2;1,5;3;0;0;0;0;0;0;0;NULL;0;27;73
4;Tucumã;;Tucumã;37,5;37,5;25;0,252;105,2;0;1;Manteiga de Tucumã;30;7,5;2;9;0;0;3,5;1;1,5;49,5;26;0;0;0;NULL;0;97;3;Óleo de Tucumã;20;25,5;2,5;64;2;1,5;3;0;0;0;0;0;0;0;NULL;0;27;73
5;Tucumã;;Tucumã;50;50;25;0,299;150;0;0;Manteiga de Tucumã;30;7,5;2;9;0;0;3,5;1;1,5;49,5;26;0;0;0;NULL;0;97;3;Óleo de Tucumã;20;25,5;2,5;64;2;1,5;3;0;0;0;0;0;0;0;NULL;0;27;73
6;Tucumã;;Tucumã;16,65;16,65;58,35;0,071;22,09;1;1;Manteiga de Tucumã;30;7,5;2;9;0;0;3,5;1;1,5;49,5;26;0;0;0;NULL;0;97;3;Óleo de Tucumã;20;25,5;2,5;64;2;1,5;3;0;0;0;0;0;0;0;NULL;0;27;73
7;Tucumã;;Tucumã;25;25;25;0,384;138,4;0;0;Manteiga de Tucumã;30;7,5;2;9;0;0;3,5;1;1,5;49,5;26;0;0;0;NULL;0;97;3;Óleo de Tucumã;20;25,5;2,5;64;2;1,5;3;0;0;0;0;0;0;0;NULL;0;27;73
8;Tucumã;;Tucumã;16,65;16,65;50;0,081;27,68;1;1;Manteiga de Tucumã;30;7,5;2;9;0;0;3,5;1;1,5;49,5;26;0;0;0;NULL;0;97;3;Óleo de Tucumã;20;25,5;2,5;64;2;1,5;3;0;0;0;0;0;0;0;NULL;0;27;73
9;Tucumã;;Tucumã;25;25;58,35;0,177;24,14;1;1;Manteiga de Tucumã;30;7,5;2;9;0;0;3,5;1;1,5;49,5;26;0;0;0;NULL;0;97;3;Óleo de Tucumã;20;25,5;2,5;64;2;1,5;3;0;0;0;0;0;0;0;NULL;0;27;73
10;Tucumã;;Tucumã;50;50;16,65;0,581;382,3;0;0;Manteiga de Tucumã;30;7,5;2;9;0;0;3,5;1;1,5;49,5;26;0;0;0;NULL;0;97;3;Óleo de Tucumã;20;25,5;2,5;64;2;1,5;3;0;0;0;0;0;0;0;NULL;0;27;73
11;Tucumã;;Tucumã;33,35;33,35;33,3;0,135;95,8;1;0;Manteiga de Tucumã;30;7,5;2;9;0;0;3,5;1;1,5;49,5;26;0;0;0;NULL;0;97;3;Óleo de Tucumã;20;25,5;2,5;64;2;1,5;3;0;0;0;0;0;0;0;NULL;0;27;73
1;Murumuru;;Buriti;25;25;50;0,459;51,83;1;1;Manteiga de murumuru;32,5;7,5;3,5;7,5;3,5;0;0;3;2;45;30,5;3;0;0;NULL;0;90;10;Óleo de Buriti;26,5;16,5;3,75;65;12,5;0;1;0;0;0;0;0;0;0,8;NULL;0;22;78
2;Murumuru;;Buriti;16,65;50;33,35;0,152;181,933;0;1;Manteiga de murumuru;32,5;7,5;3,5;7,5;3,5;0;0;3;2;45;30,5;3;0;0;NULL;0;90;10;Óleo de Buriti;26,5;16,5;3,75;65;12,5;0;1;0;0;0;0;0;0;0,8;NULL;0;22;78
3;Murumuru;;Buriti;50;16,65;33,35;0,217;77,08;1;1;Manteiga de murumuru;32,5;7,5;3,5;7,5;3,5;0;0;3;2;45;30,5;3;0;0;NULL;0;90;10;Óleo de Buriti;26,5;16,5;3,75;65;12,5;0;1;0;0;0;0;0;0;0,8;NULL;0;22;78
4;Murumuru;;Buriti;37,5;37,5;25;0,197;109,6;0;0;Manteiga de murumuru;32,5;7,5;3,5;7,5;3,5;0;0;3;2;45;30,5;3;0;0;NULL;0;90;10;Óleo de Buriti;26,5;16,5;3,75;65;12,5;0;1;0;0;0;0;0;0;0,8;NULL;0;22;78
5;Murumuru;;Buriti;25;50;25;0,164;133,4;0;1;Manteiga de murumuru;32,5;7,5;3,5;7,5;3,5;0;0;3;2;45;30,5;3;0;0;NULL;0;90;10;Óleo de Buriti;26,5;16,5;3,75;65;12,5;0;1;0;0;0;0;0;0;0,8;NULL;0;22;78
6;Murumuru;;Buriti;25;16,65;58,35;0,332;27,06;1;1;Manteiga de murumuru;32,5;7,5;3,5;7,5;3,5;0;0;3;2;45;30,5;3;0;0;NULL;0;90;10;Óleo de Buriti;26,5;16,5;3,75;65;12,5;0;1;0;0;0;0;0;0;0,8;NULL;0;22;78
7;Murumuru;;Buriti;50;25;25;0,414;169,1;0;1;Manteiga de murumuru;32,5;7,5;3,5;7,5;3,5;0;0;3;2;45;30,5;3;0;0;NULL;0;90;10;Óleo de Buriti;26,5;16,5;3,75;65;12,5;0;1;0;0;0;0;0;0;0,8;NULL;0;22;78
8;Murumuru;;Buriti;33,35;16,65;50;0,197;31,25;1;1;Manteiga de murumuru;32,5;7,5;3,5;7,5;3,5;0;0;3;2;45;30,5;3;0;0;NULL;0;90;10;Óleo de Buriti;26,5;16,5;3,75;65;12,5;0;1;0;0;0;0;0;0;0,8;NULL;0;22;78
9;Murumuru;;Buriti;16,65;25;58,35;0,481;278,4;0;1;Manteiga de murumuru;32,5;7,5;3,5;7,5;3,5;0;0;3;2;45;30,5;3;0;0;NULL;0;90;10;Óleo de Buriti;26,5;16,5;3,75;65;12,5;0;1;0;0;0;0;0;0;0,8;NULL;0;22;78
10;Murumuru;;Buriti;33,35;50;16,65;0,479;116,83;0;0;Manteiga de murumuru;32,5;7,5;3,5;7,5;3,5;0;0;3;2;45;30,5;3;0;0;NULL;0;90;10;Óleo de Buriti;26,5;16,5;3,75;65;12,5;0;1;0;0;0;0;0;0;0,8;NULL;0;22;78
11;Murumuru;;Buriti;33,35;33,35;33,3;0,183;58,69;1;1;Manteiga de murumuru;32,5;7,5;3,5;7,5;3,5;0;0;3;2;45;30,5;3;0;0;NULL;0;90;10;Óleo de Buriti;26,5;16,5;3,75;65;12,5;0;1;0;0;0;0;0;0;0,8;NULL;0;22;78
1;Cacau;;Tucumã;25;25;50;0,066;319,2;0;1;Manteiga de cacau;35,5;38,32;33,54;24,67;1,84;0;0,1;0;0;0;0,13;0,72;0,05;0;NULL;0;72,66;27,33;Óleo de Tucumã;20;25,5;2,5;64;2;1,5;3;0;0;0;0;0;0;0;NULL;0;27;73
2;Cacau;;Tucumã;16,65;50;33,35;0,268;148,96;0;1;Manteiga de cacau;35,5;38,32;33,54;24,67;1,84;0;0,1;0;0;0;0,13;0,72;0,05;0;NULL;0;72,66;27,33;Óleo de Tucumã;20;25,5;2,5;64;2;1,5;3;0;0;0;0;0;0;0;NULL;0;27;73
3;Cacau;;Tucumã;50;16,65;33,35;0,124;201,43;0;0;Manteiga de cacau;35,5;38,32;33,54;24,67;1,84;0;0,1;0;0;0;0,13;0,72;0,05;0;NULL;0;72,66;27,33;Óleo de Tucumã;20;25,5;2,5;64;2;1,5;3;0;0;0;0;0;0;0;NULL;0;27;73
4;Cacau;;Tucumã;37,5;37,5;25;0,225;107,93;0;1;Manteiga de cacau;35,5;38,32;33,54;24,67;1,84;0;0,1;0;0;0;0,13;0,72;0,05;0;NULL;0;72,66;27,33;Óleo de Tucumã;20;25,5;2,5;64;2;1,5;3;0;0;0;0;0;0;0;NULL;0;27;73
5;Cacau;;Tucumã;25;50;25;0,322;161,53;0;1;Manteiga de cacau;35,5;38,32;33,54;24,67;1,84;0;0,1;0;0;0;0,13;0,72;0,05;0;NULL;0;72,66;27,33;Óleo de Tucumã;20;25,5;2,5;64;2;1,5;3;0;0;0;0;0;0;0;NULL;0;27;73
6;Cacau;;Tucumã;25;16,65;58,35;0,397;176,56;0;1;Manteiga de cacau;35,5;38,32;33,54;24,67;1,84;0;0,1;0;0;0;0,13;0,72;0,05;0;NULL;0;72,66;27,33;Óleo de Tucumã;20;25,5;2,5;64;2;1,5;3;0;0;0;0;0;0;0;NULL;0;27;73
7;Cacau;;Tucumã;50;25;25;0,56;299,33;0;0;Manteiga de cacau;35,5;38,32;33,54;24,67;1,84;0;0,1;0;0;0;0,13;0,72;0,05;0;NULL;0;72,66;27,33;Óleo de Tucumã;20;25,5;2,5;64;2;1,5;3;0;0;0;0;0;0;0;NULL;0;27;73
8;Cacau;;Tucumã;33,35;16,65;50;0,26;257,266;0;1;Manteiga de cacau;35,5;38,32;33,54;24,67;1,84;0;0,1;0;0;0;0,13;0,72;0,05;0;NULL;0;72,66;27,33;Óleo de Tucumã;20;25,5;2,5;64;2;1,5;3;0;0;0;0;0;0;0;NULL;0;27;73
9;Cacau;;Tucumã;16,65;25;58,35;0,232;286,1;0;1;Manteiga de cacau;35,5;38,32;33,54;24,67;1,84;0;0,1;0;0;0;0,13;0,72;0,05;0;NULL;0;72,66;27,33;Óleo de Tucumã;20;25,5;2,5;64;2;1,5;3;0;0;0;0;0;0;0;NULL;0;27;73
10;Cacau;;Tucumã;33,35;50;16,65;0,275;512,8;0;0;Manteiga de cacau;35,5;38,32;33,54;24,67;1,84;0;0,1;0;0;0;0,13;0,72;0,05;0;NULL;0;72,66;27,33;Óleo de Tucumã;20;25,5;2,5;64;2;1,5;3;0;0;0;0;0;0;0;NULL;0;27;73
11;Cacau;;Tucumã;33,35;33,35;33,3;0,273;86,41;1;1;Manteiga de cacau;35,5;38,32;33,54;24,67;1,84;0;0,1;0;0;0;0,13;0,72;0,05;0;NULL;0;72,66;27,33;Óleo de Tucumã;20;25,5;2,5;64;2;1,5;3;0;0;0;0;0;0;0;NULL;0;27;73
1;Manga;;Pracaxi;25;25;50;0,285;651,56;0;1;Manteiga de Manga;35,5;4,5;42;46;4,5;0;0;0;0;0;0;0;0;NULL;2,5;0;50,25;50,5;Óleo de Pracaxi;18,5;2,25;2,25;50;12,5;0;0;0;1,5;0;0;0;17;0;2;11;35;65
2;Manga;;Pracaxi;16,65;50;33,35;1;838,9;0;0;Manteiga de Manga;35,5;4,5;42;46;4,5;0;0;0;0;0;0;0;0;NULL;2,5;0;50,25;50,5;Óleo de Pracaxi;18,5;2,25;2,25;50;12,5;0;0;0;1,5;0;0;0;17;0;2;11;35;65
3;Manga;;Pracaxi;50;16,65;33,35;0,565;1549,33;0;0;Manteiga de Manga;35,5;4,5;42;46;4,5;0;0;0;0;0;0;0;0;NULL;2,5;0;50,25;50,5;Óleo de Pracaxi;18,5;2,25;2,25;50;12,5;0;0;0;1,5;0;0;0;17;0;2;11;35;65
4;Manga;;Pracaxi;37,5;37,5;25;1;1065,73;0;0;Manteiga de Manga;35,5;4,5;42;46;4,5;0;0;0;0;0;0;0;0;NULL;2,5;0;50,25;50,5;Óleo de Pracaxi;18,5;2,25;2,25;50;12,5;0;0;0;1,5;0;0;0;17;0;2;11;35;65
5;Manga;;Pracaxi;25;50;25;0,167;958,2;0;1;Manteiga de Manga;35,5;4,5;42;46;4,5;0;0;0;0;0;0;0;0;NULL;2,5;0;50,25;50,5;Óleo de Pracaxi;18,5;2,25;2,25;50;12,5;0;0;0;1,5;0;0;0;17;0;2;11;35;65
6;Manga;;Pracaxi;25;16,65;58,35;0,511;719,73;0;0;Manteiga de Manga;35,5;4,5;42;46;4,5;0;0;0;0;0;0;0;0;NULL;2,5;0;50,25;50,5;Óleo de Pracaxi;18,5;2,25;2,25;50;12,5;0;0;0;1,5;0;0;0;17;0;2;11;35;65
7;Manga;;Pracaxi;50;25;25;0,128;2654;0;0;Manteiga de Manga;35,5;4,5;42;46;4,5;0;0;0;0;0;0;0;0;NULL;2,5;0;50,25;50,5;Óleo de Pracaxi;18,5;2,25;2,25;50;12,5;0;0;0;1,5;0;0;0;17;0;2;11;35;65
8;Manga;;Pracaxi;33,35;16,65;50;0,296;752,83;0;0;Manteiga de Manga;35,5;4,5;42;46;4,5;0;0;0;0;0;0;0;0;NULL;2,5;0;50,25;50,5;Óleo de Pracaxi;18,5;2,25;2,25;50;12,5;0;0;0;1,5;0;0;0;17;0;2;11;35;65
9;Manga;;Pracaxi;16,65;25;58,35;0,327;536,23;0;1;Manteiga de Manga;35,5;4,5;42;46;4,5;0;0;0;0;0;0;0;0;NULL;2,5;0;50,25;50,5;Óleo de Pracaxi;18,5;2,25;2,25;50;12,5;0;0;0;1,5;0;0;0;17;0;2;11;35;65
10;Manga;;Pracaxi;33,35;50;16,65;0,435;1430,66;0;0;Manteiga de Manga;35,5;4,5;42;46;4,5;0;0;0;0;0;0;0;0;NULL;2,5;0;50,25;50,5;Óleo de Pracaxi;18,5;2,25;2,25;50;12,5;0;0;0;1,5;0;0;0;17;0;2;11;35;65
11;Manga;;Pracaxi;33,35;33,35;33,3;0,42;1135,62;0;0;Manteiga de Manga;35,5;4,5;42;46;4,5;0;0;0;0;0;0;0;0;NULL;2,5;0;50,25;50,5;Óleo de Pracaxi;18,5;2,25;2,25;50;12,5;0;0;0;1,5;0;0;0;17;0;2;11;35;65
1;Ucuuba;;Andiroba;25;25;50;0,097;570,26;0;0;Manteiga de Ucuuba;53;8;0;0;0;0;0;0;0;18;74;0;0;0;NULL;0;100;0;Óleo de andiroba;22;28,5;9,5;51,5;10;0;0;0;0;0;0;0,8;0;NULL;NULL;NULL;40;60
2;Ucuuba;;Andiroba;16,65;50;33,35;0,522;794,6;0;0;Manteiga de Ucuuba;53;8;0;0;0;0;0;0;0;18;74;0;0;0;NULL;0;100;0;Óleo de andiroba;22;28,5;9,5;51,5;10;0;0;0;0;0;0;0,8;0;NULL;NULL;NULL;40;60
3;Ucuuba;;Andiroba;50;16,65;33,35;0,253;961,933;0;0;Manteiga de Ucuuba;53;8;0;0;0;0;0;0;0;18;74;0;0;0;NULL;0;100;0;Óleo de andiroba;22;28,5;9,5;51,5;10;0;0;0;0;0;0;0,8;0;NULL;NULL;NULL;40;60
4;Ucuuba;;Andiroba;37,5;37,5;25;0,408;1236,66;0;0;Manteiga de Ucuuba;53;8;0;0;0;0;0;0;0;18;74;0;0;0;NULL;0;100;0;Óleo de andiroba;22;28,5;9,5;51,5;10;0;0;0;0;0;0;0,8;0;NULL;NULL;NULL;40;60
5;Ucuuba;;Andiroba;25;50;25;0,954;655,366;0;0;Manteiga de Ucuuba;53;8;0;0;0;0;0;0;0;18;74;0;0;0;NULL;0;100;0;Óleo de andiroba;22;28,5;9,5;51,5;10;0;0;0;0;0;0;0,8;0;NULL;NULL;NULL;40;60
6;Ucuuba;;Andiroba;25;16,65;58,35;0,112;393,7;0;0;Manteiga de Ucuuba;53;8;0;0;0;0;0;0;0;18;74;0;0;0;NULL;0;100;0;Óleo de andiroba;22;28,5;9,5;51,5;10;0;0;0;0;0;0;0,8;0;NULL;NULL;NULL;40;60
7;Ucuuba;;Andiroba;50;25;25;0,433;1501,33;0;0;Manteiga de Ucuuba;53;8;0;0;0;0;0;0;0;18;74;0;0;0;NULL;0;100;0;Óleo de andiroba;22;28,5;9,5;51,5;10;0;0;0;0;0;0;0,8;0;NULL;NULL;NULL;40;60
8;Ucuuba;;Andiroba;33,35;16,65;50;0,207;511,6;0;1;Manteiga de Ucuuba;53;8;0;0;0;0;0;0;0;18;74;0;0;0;NULL;0;100;0;Óleo de andiroba;22;28,5;9,5;51,5;10;0;0;0;0;0;0;0,8;0;NULL;NULL;NULL;40;60
9;Ucuuba;;Andiroba;16,65;25;58,35;0,346;827,73;0;1;Manteiga de Ucuuba;53;8;0;0;0;0;0;0;0;18;74;0;0;0;NULL;0;100;0;Óleo de andiroba;22;28,5;9,5;51,5;10;0;0;0;0;0;0;0,8;0;NULL;NULL;NULL;40;60
10;Ucuuba;;Andiroba;33,35;50;16,65;0,507;941,86;0;0;Manteiga de Ucuuba;53;8;0;0;0;0;0;0;0;18;74;0;0;0;NULL;0;100;0;Óleo de andiroba;22;28,5;9,5;51,5;10;0;0;0;0;0;0;0,8;0;NULL;NULL;NULL;40;60
11;Ucuuba;;Andiroba;33,35;33,35;33,3;0,613;737,24;0;0;Manteiga de Ucuuba;53;8;0;0;0;0;0;0;0;18;74;0;0;0;NULL;0;100;0;Óleo de andiroba;22;28,5;9,5;51,5;10;0;0;0;0;0;0;0,8;0;NULL;NULL;NULL;40;60
1;Cupuaçu;;Tucumã;25;25;50;0,2883;164,6;0;1;Manteiga de cupuaçu;27;9,5;31,5;42,5;5;0;0;0;0;0;0;0;1,5;0;NULL;3;55;45;Óleo de Tucumã;20;25,5;2,5;64;2;1,5;3;0;0;0;0;0;0;0;NULL;0;27;73
2;Cupuaçu;;Tucumã;16,65;50;33,35;0,2883;164,6;0;0;Manteiga de cupuaçu;27;9,5;31,5;42,5;5;0;0;0;0;0;0;0;1,5;0;NULL;3;55;45;Óleo de Tucumã;20;25,5;2,5;64;2;1,5;3;0;0;0;0;0;0;0;NULL;0;27;73
3;Cupuaçu;;Tucumã;50;16,65;33,35;0,2691;119,6;0;0;Manteiga de cupuaçu;27;9,5;31,5;42,5;5;0;0;0;0;0;0;0;1,5;0;NULL;3;55;45;Óleo de Tucumã;20;25,5;2,5;64;2;1,5;3;0;0;0;0;0;0;0;NULL;0;27;73
4;Cupuaçu;;Tucumã;37,5;37,5;25;0,2374;140,2;0;0;Manteiga de cupuaçu;27;9,5;31,5;42,5;5;0;0;0;0;0;0;0;1,5;0;NULL;3;55;45;Óleo de Tucumã;20;25,5;2,5;64;2;1,5;3;0;0;0;0;0;0;0;NULL;0;27;73
5;Cupuaçu;;Tucumã;25;50;25;0,2571;260,9;0;0;Manteiga de cupuaçu;27;9,5;31,5;42,5;5;0;0;0;0;0;0;0;1,5;0;NULL;3;55;45;Óleo de Tucumã;20;25,5;2,5;64;2;1,5;3;0;0;0;0;0;0;0;NULL;0;27;73
6;Cupuaçu;;Tucumã;25;16,65;58,35;0,1453;214,6;0;1;Manteiga de cupuaçu;27;9,5;31,5;42,5;5;0;0;0;0;0;0;0;1,5;0;NULL;3;55;45;Óleo de Tucumã;20;25,5;2,5;64;2;1,5;3;0;0;0;0;0;0;0;NULL;0;27;73
7;Cupuaçu;;Tucumã;50;25;25;0,4184;165,9;0;1;Manteiga de cupuaçu;27;9,5;31,5;42,5;5;0;0;0;0;0;0;0;1,5;0;NULL;3;55;45;Óleo de Tucumã;20;25,5;2,5;64;2;1,5;3;0;0;0;0;0;0;0;NULL;0;27;73
9;Cupuaçu;;Tucumã;16,65;25;58,35;0,2033;264,4;0;0;Manteiga de cupuaçu;27;9,5;31,5;42,5;5;0;0;0;0;0;0;0;1,5;0;NULL;3;55;45;Óleo de Tucumã;20;25,5;2,5;64;2;1,5;3;0;0;0;0;0;0;0;NULL;0;27;73
10;Cupuaçu;;Tucumã;33,35;50;16,65;0,374;131,9;0;0;Manteiga de cupuaçu;27;9,5;31,5;42,5;5;0;0;0;0;0;0;0;1,5;0;NULL;3;55;45;Óleo de Tucumã;20;25,5;2,5;64;2;1,5;3;0;0;0;0;0;0;0;NULL;0;27;73
11;Cupuaçu;;Tucumã;33,35;33,35;33,3;0,1768;71,53;0;1;Manteiga de cupuaçu;27;9,5;31,5;42,5;5;0;0;0;0;0;0;0;1,5;0;NULL;3;55;45;Óleo de Tucumã;20;25,5;2,5;64;2;1,5;3;0;0;0;0;0;0;0;NULL;0;27;73
1;Bacuri;;Açaí;25;25;50;0,163;737,26;0;1;Manteiga de Bacuri;35;71;0;24,5;0;0;0;0;0;0;0;5;0;0;0;0;75;25;Óleo de Açaí;4;22,5;3,75;50;16;3,75;0;0;0;0;0;4;0;0;NULL;0;28;72
2;Bacuri;;Açaí;16,65;50;33,35;0,178;67,97;1;1;Manteiga de Bacuri;35;71;0;24,5;0;0;0;0;0;0;0;5;0;0;0;0;75;25;Óleo de Açaí;4;22,5;3,75;50;16;3,75;0;0;0;0;0;4;0;0;NULL;0;28;72
3;Bacuri;;Açaí;50;16,65;33,35;1;590,23;0;0;Manteiga de Bacuri;35;71;0;24,5;0;0;0;0;0;0;0;5;0;0;0;0;75;25;Óleo de Açaí;4;22,5;3,75;50;16;3,75;0;0;0;0;0;4;0;0;NULL;0;28;72
4;Bacuri;;Açaí;37,5;37,5;25;0,691;503,86;0;0;Manteiga de Bacuri;35;71;0;24,5;0;0;0;0;0;0;0;5;0;0;0;0;75;25;Óleo de Açaí;4;22,5;3,75;50;16;3,75;0;0;0;0;0;4;0;0;NULL;0;28;72
5;Bacuri;;Açaí;25;50;25;0,183;222,93;0;1;Manteiga de Bacuri;35;71;0;24,5;0;0;0;0;0;0;0;5;0;0;0;0;75;25;Óleo de Açaí;4;22,5;3,75;50;16;3,75;0;0;0;0;0;4;0;0;NULL;0;28;72
6;Bacuri;;Açaí;25;16,65;58,35;0,689;495,96;0;0;Manteiga de Bacuri;35;71;0;24,5;0;0;0;0;0;0;0;5;0;0;0;0;75;25;Óleo de Açaí;4;22,5;3,75;50;16;3,75;0;0;0;0;0;4;0;0;NULL;0;28;72
7;Bacuri;;Açaí;50;25;25;1;537,2;0;0;Manteiga de Bacuri;35;71;0;24,5;0;0;0;0;0;0;0;5;0;0;0;0;75;25;Óleo de Açaí;4;22,5;3,75;50;16;3,75;0;0;0;0;0;4;0;0;NULL;0;28;72
8;Bacuri;;Açaí;33,35;16,65;50;0,708;856,5;0;0;Manteiga de Bacuri;35;71;0;24,5;0;0;0;0;0;0;0;5;0;0;0;0;75;25;Óleo de Açaí;4;22,5;3,75;50;16;3,75;0;0;0;0;0;4;0;0;NULL;0;28;72
9;Bacuri;;Açaí;16,65;25;58,35;0,187;276,13;0;0;Manteiga de Bacuri;35;71;0;24,5;0;0;0;0;0;0;0;5;0;0;0;0;75;25;Óleo de Açaí;4;22,5;3,75;50;16;3,75;0;0;0;0;0;4;0;0;NULL;0;28;72
10;Bacuri;;Açaí;33,35;50;16,65;0,8506;476,54;0;0;Manteiga de Bacuri;35;71;0;24,5;0;0;0;0;0;0;0;5;0;0;0;0;75;25;Óleo de Açaí;4;22,5;3,75;50;16;3,75;0;0;0;0;0;4;0;0;NULL;0;28;72
11;Bacuri;;Açaí;33,35;33,35;33,3;661,76;0,622733333;0;0;Manteiga de Bacuri;35;71;0;24,5;0;0;0;0;0;0;0;5;0;0;0;0;75;25;Óleo de Açaí;4;22,5;3,75;50;16;3,75;0;0;0;0;0;4;0;0;NULL;0;28;72
